Order_ID,Order_Date,Region,City,Category,Product,Sales_Channel,Units,Unit_Price,Discount_Pct,Unit_Cost,Customer_Rating
ORD-0001,2025-02-10,South,Bengaluru,Office Supplies,Notebook Pack,Corporate,6,427.50,0.05,213.40,4.0
ORD-0002,2025-02-27,North,Chandigarh,Electronics,Wireless Mouse,Retail,11,882.00,0.00,470.40,4.0
ORD-0003,2025-03-16,West,Ahmedabad,Home Office,Foot Rest,Online,4,1414.00,0.05,693.00,4.5
ORD-0004,2025-04-02,East,Bhubaneswar,Home Office,Desk Lamp,Corporate,9,1664.00,0.00,900.00,4.5
ORD-0005,2025-04-19,South,Bengaluru,Accessories,Laptop Sleeve,Retail,2,1070.00,0.05,525.20,5.0
ORD-0006,2025-05-06,North,Chandigarh,Furniture,Storage Cabinet,Online,7,10230.00,0.00,7752.00,3.5
ORD-0007,2025-05-23,West,Ahmedabad,Furniture,Office Chair,Corporate,12,6240.00,0.05,4429.00,4.0
ORD-0008,2025-06-09,East,Bhubaneswar,Office Supplies,Desk Organizer,Retail,5,693.00,0.00,364.00,4.0
ORD-0009,2025-06-26,South,Bengaluru,Electronics,Keyboard,Online,10,1530.00,0.05,816.00,4.5
ORD-0010,2025-07-13,North,Chandigarh,Electronics,Laptop Stand,Corporate,3,1890.00,0.00,1067.00,4.5
ORD-0011,2025-07-30,West,Ahmedabad,Home Office,Monitor Arm,Retail,8,3456.00,0.05,1862.00,5.0
ORD-0012,2025-08-16,East,Bhubaneswar,Accessories,Webcam,Online,1,2632.00,0.00,1683.00,3.5
ORD-0013,2025-09-02,South,Bengaluru,Accessories,USB Hub,Corporate,6,1164.00,0.05,600.00,4.0
ORD-0014,2025-09-19,North,Chandigarh,Furniture,Study Desk,Retail,11,8500.00,0.00,5959.00,4.0
ORD-0015,2025-10-06,West,Ahmedabad,Office Supplies,Printer Paper,Online,4,566.50,0.05,306.00,4.5
ORD-0016,2025-10-23,East,Bhubaneswar,Office Supplies,Notebook Pack,Corporate,9,477.00,0.00,226.60,4.5
ORD-0017,2025-11-09,South,Bengaluru,Electronics,Wireless Mouse,Retail,2,828.00,0.05,499.20,5.0
ORD-0018,2025-11-26,North,Chandigarh,Home Office,Foot Rest,Online,7,1330.00,0.00,672.00,3.5
ORD-0019,2025-12-13,West,Ahmedabad,Home Office,Desk Lamp,Corporate,12,1568.00,0.05,873.00,4.0
ORD-0020,2025-12-30,East,Bhubaneswar,Accessories,Laptop Sleeve,Retail,5,1010.00,0.00,509.60,4.0
ORD-0021,2025-01-16,South,Bengaluru,Furniture,Storage Cabinet,Online,10,11440.00,0.05,7524.00,4.5
ORD-0022,2025-02-02,North,Chandigarh,Furniture,Office Chair,Corporate,3,6955.00,0.00,4300.00,4.5
ORD-0023,2025-02-19,West,Ahmedabad,Office Supplies,Desk Organizer,Retail,8,651.00,0.05,353.50,5.0
ORD-0024,2025-03-08,East,Bhubaneswar,Electronics,Keyboard,Online,1,1440.00,0.00,867.00,3.5
ORD-0025,2025-03-25,South,Bengaluru,Electronics,Laptop Stand,Corporate,6,1782.00,0.05,1133.00,4.0
ORD-0026,2025-04-11,North,Chandigarh,Home Office,Monitor Arm,Retail,11,3264.00,0.00,1976.00,4.0
ORD-0027,2025-04-28,West,Ahmedabad,Accessories,Webcam,Online,4,2940.00,0.05,1632.00,4.5
ORD-0028,2025-05-15,East,Bhubaneswar,Accessories,USB Hub,Corporate,9,1296.00,0.00,582.00,4.5
ORD-0029,2025-06-01,South,Bengaluru,Furniture,Study Desk,Retail,2,7990.00,0.05,5782.00,5.0
ORD-0030,2025-06-18,North,Chandigarh,Office Supplies,Printer Paper,Online,7,533.50,0.00,297.00,3.5
ORD-0031,2025-07-05,West,Ahmedabad,Office Supplies,Notebook Pack,Corporate,12,450.00,0.05,220.00,4.0
ORD-0032,2025-07-22,East,Bhubaneswar,Electronics,Wireless Mouse,Retail,5,927.00,0.00,484.80,4.0
ORD-0033,2025-08-08,South,Bengaluru,Home Office,Foot Rest,Online,10,1484.00,0.05,714.00,4.5
ORD-0034,2025-08-25,North,Chandigarh,Home Office,Desk Lamp,Corporate,3,1472.00,0.00,927.00,4.5
ORD-0035,2025-09-11,West,Ahmedabad,Accessories,Laptop Sleeve,Retail,8,950.00,0.05,540.80,5.0
ORD-0036,2025-09-28,East,Bhubaneswar,Furniture,Storage Cabinet,Online,1,10780.00,0.00,7296.00,3.5
ORD-0037,2025-10-15,South,Bengaluru,Furniture,Office Chair,Corporate,6,6565.00,0.05,4171.00,4.0
ORD-0038,2025-11-01,North,Chandigarh,Office Supplies,Desk Organizer,Retail,11,728.00,0.00,343.00,4.0
ORD-0039,2025-11-18,West,Ahmedabad,Electronics,Keyboard,Online,4,1605.00,0.05,841.50,4.5
ORD-0040,2025-12-05,East,Bhubaneswar,Electronics,Laptop Stand,Corporate,9,1674.00,0.00,1100.00,4.5
ORD-0041,2025-12-22,South,Bengaluru,Home Office,Monitor Arm,Retail,2,3072.00,0.05,1919.00,5.0
ORD-0042,2025-01-08,North,Chandigarh,Accessories,Webcam,Online,7,2772.00,0.00,1734.00,3.5
ORD-0043,2025-01-25,West,Ahmedabad,Accessories,USB Hub,Corporate,12,1224.00,0.05,618.00,4.0
ORD-0044,2025-02-11,East,Bhubaneswar,Furniture,Study Desk,Retail,5,8925.00,0.00,6136.00,4.0
ORD-0045,2025-02-28,South,Bengaluru,Office Supplies,Printer Paper,Online,10,594.00,0.05,288.00,4.5
ORD-0046,2025-03-17,North,Chandigarh,Office Supplies,Notebook Pack,Corporate,3,423.00,0.00,213.40,4.5
ORD-0047,2025-04-03,West,Ahmedabad,Electronics,Wireless Mouse,Retail,8,873.00,0.05,470.40,5.0
ORD-0048,2025-04-20,East,Bhubaneswar,Home Office,Foot Rest,Online,1,1400.00,0.00,693.00,3.5
ORD-0049,2025-05-07,South,Bengaluru,Home Office,Desk Lamp,Corporate,6,1648.00,0.05,900.00,4.0
ORD-0050,2025-05-24,North,Chandigarh,Accessories,Laptop Sleeve,Retail,11,1060.00,0.00,525.20,4.0
ORD-0051,2025-06-10,West,Ahmedabad,Furniture,Storage Cabinet,Online,4,10120.00,0.05,7752.00,4.5
ORD-0052,2025-06-27,East,Bhubaneswar,Furniture,Office Chair,Corporate,9,6175.00,0.00,4429.00,4.5
ORD-0053,2025-07-14,South,Bengaluru,Office Supplies,Desk Organizer,Retail,2,686.00,0.05,364.00,5.0
ORD-0054,2025-07-31,North,Chandigarh,Electronics,Keyboard,Online,7,1515.00,0.00,816.00,3.5
ORD-0055,2025-08-17,West,Ahmedabad,Electronics,Laptop Stand,Corporate,12,1872.00,0.05,1067.00,4.0
ORD-0056,2025-09-03,East,Bhubaneswar,Home Office,Monitor Arm,Retail,5,3424.00,0.00,1862.00,4.0
ORD-0057,2025-09-20,South,Bengaluru,Accessories,Webcam,Online,10,2604.00,0.05,1683.00,4.5
ORD-0058,2025-10-07,North,Chandigarh,Accessories,USB Hub,Corporate,3,1152.00,0.00,600.00,4.5
ORD-0059,2025-10-24,West,Ahmedabad,Furniture,Study Desk,Retail,8,8415.00,0.05,5959.00,5.0
ORD-0060,2025-11-10,East,Bhubaneswar,Office Supplies,Printer Paper,Online,1,561.00,0.00,306.00,3.5
ORD-0061,2025-11-27,South,Bengaluru,Office Supplies,Notebook Pack,Corporate,6,472.50,0.05,226.60,4.0
ORD-0062,2025-12-14,North,Chandigarh,Electronics,Wireless Mouse,Retail,11,972.00,0.00,499.20,4.0
ORD-0063,2025-12-31,West,Ahmedabad,Home Office,Foot Rest,Online,4,1316.00,0.05,672.00,4.5
ORD-0064,2025-01-17,East,Bhubaneswar,Home Office,Desk Lamp,Corporate,9,1552.00,0.00,873.00,4.5
ORD-0065,2025-02-03,South,Bengaluru,Accessories,Laptop Sleeve,Retail,2,1000.00,0.05,509.60,5.0
ORD-0066,2025-02-20,North,Chandigarh,Furniture,Storage Cabinet,Online,7,11330.00,0.00,7524.00,3.5
ORD-0067,2025-03-09,West,Ahmedabad,Furniture,Office Chair,Corporate,12,6890.00,0.05,4300.00,4.0
ORD-0068,2025-03-26,East,Bhubaneswar,Office Supplies,Desk Organizer,Retail,5,644.00,0.00,353.50,4.0
ORD-0069,2025-04-12,South,Bengaluru,Electronics,Keyboard,Online,10,1425.00,0.05,867.00,4.5
ORD-0070,2025-04-29,North,Chandigarh,Electronics,Laptop Stand,Corporate,3,1764.00,0.00,1133.00,4.5
ORD-0071,2025-05-16,West,Ahmedabad,Home Office,Monitor Arm,Retail,8,3232.00,0.05,1976.00,5.0
ORD-0072,2025-06-02,East,Bhubaneswar,Accessories,Webcam,Online,1,2912.00,0.00,1632.00,3.5
ORD-0073,2025-06-19,South,Bengaluru,Accessories,USB Hub,Corporate,6,1284.00,0.05,582.00,4.0
ORD-0074,2025-07-06,North,Chandigarh,Furniture,Study Desk,Retail,11,7905.00,0.00,5782.00,4.0
ORD-0075,2025-07-23,West,Ahmedabad,Office Supplies,Printer Paper,Online,4,528.00,0.05,297.00,4.5
ORD-0076,2025-08-09,East,Bhubaneswar,Office Supplies,Notebook Pack,Corporate,9,445.50,0.00,220.00,4.5
ORD-0077,2025-08-26,South,Bengaluru,Electronics,Wireless Mouse,Retail,2,918.00,0.05,484.80,5.0
ORD-0078,2025-09-12,North,Chandigarh,Home Office,Foot Rest,Online,7,1470.00,0.00,714.00,3.5
ORD-0079,2025-09-29,West,Ahmedabad,Home Office,Desk Lamp,Corporate,12,1728.00,0.05,927.00,4.0
ORD-0080,2025-10-16,East,Bhubaneswar,Accessories,Laptop Sleeve,Retail,5,940.00,0.00,540.80,4.0
ORD-0081,2025-11-02,South,Bengaluru,Furniture,Storage Cabinet,Online,10,10670.00,0.05,7296.00,4.5
ORD-0082,2025-11-19,North,Chandigarh,Furniture,Office Chair,Corporate,3,6500.00,0.00,4171.00,4.5
ORD-0083,2025-12-06,West,Ahmedabad,Office Supplies,Desk Organizer,Retail,8,721.00,0.05,343.00,5.0
ORD-0084,2025-12-23,East,Bhubaneswar,Electronics,Keyboard,Online,1,1590.00,0.00,841.50,3.5
ORD-0085,2025-01-09,South,Bengaluru,Electronics,Laptop Stand,Corporate,6,1656.00,0.05,1100.00,4.0
ORD-0086,2025-01-26,North,Chandigarh,Home Office,Monitor Arm,Retail,11,3040.00,0.00,1919.00,4.0
ORD-0087,2025-02-12,West,Ahmedabad,Accessories,Webcam,Online,4,2744.00,0.05,1734.00,4.5
ORD-0088,2025-03-01,East,Bhubaneswar,Accessories,USB Hub,Corporate,9,1212.00,0.00,618.00,4.5
ORD-0089,2025-03-18,South,Bengaluru,Furniture,Study Desk,Retail,2,8840.00,0.05,6136.00,5.0
ORD-0090,2025-04-04,North,Chandigarh,Office Supplies,Printer Paper,Online,7,588.50,0.00,288.00,3.5
ORD-0091,2025-04-21,West,Ahmedabad,Office Supplies,Notebook Pack,Corporate,12,418.50,0.05,213.40,4.0
ORD-0092,2025-05-08,East,Bhubaneswar,Electronics,Wireless Mouse,Retail,5,864.00,0.00,470.40,4.0
ORD-0093,2025-05-25,South,Bengaluru,Home Office,Foot Rest,Online,10,1386.00,0.05,693.00,4.5
ORD-0094,2025-06-11,North,Chandigarh,Home Office,Desk Lamp,Corporate,3,1632.00,0.00,900.00,4.5
ORD-0095,2025-06-28,West,Ahmedabad,Accessories,Laptop Sleeve,Retail,8,1050.00,0.05,525.20,5.0
ORD-0096,2025-07-15,East,Bhubaneswar,Furniture,Storage Cabinet,Online,1,11880.00,0.00,7752.00,3.5
ORD-0097,2025-08-01,South,Bengaluru,Furniture,Office Chair,Corporate,6,6110.00,0.05,4429.00,4.0
ORD-0098,2025-08-18,North,Chandigarh,Office Supplies,Desk Organizer,Retail,11,679.00,0.00,364.00,4.0
ORD-0099,2025-09-04,West,Ahmedabad,Electronics,Keyboard,Online,4,1500.00,0.05,816.00,4.5
ORD-0100,2025-09-21,East,Bhubaneswar,Electronics,Laptop Stand,Corporate,9,1854.00,0.00,1067.00,4.5
ORD-0101,2025-10-08,South,Bengaluru,Home Office,Monitor Arm,Retail,2,3392.00,0.05,1862.00,5.0
ORD-0102,2025-10-25,North,Chandigarh,Accessories,Webcam,Online,7,2576.00,0.00,1683.00,3.5
ORD-0103,2025-11-11,West,Ahmedabad,Accessories,USB Hub,Corporate,12,1140.00,0.05,600.00,4.0
ORD-0104,2025-11-28,East,Bhubaneswar,Furniture,Study Desk,Retail,5,8330.00,0.00,5959.00,4.0
ORD-0105,2025-12-15,South,Bengaluru,Office Supplies,Printer Paper,Online,10,555.50,0.05,306.00,4.5
ORD-0106,2025-01-01,North,Chandigarh,Office Supplies,Notebook Pack,Corporate,3,468.00,0.00,226.60,4.5
ORD-0107,2025-01-18,West,Ahmedabad,Electronics,Wireless Mouse,Retail,8,963.00,0.05,499.20,5.0
ORD-0108,2025-02-04,East,Bhubaneswar,Home Office,Foot Rest,Online,1,1302.00,0.00,672.00,3.5
ORD-0109,2025-02-21,South,Bengaluru,Home Office,Desk Lamp,Corporate,6,1536.00,0.05,873.00,4.0
ORD-0110,2025-03-10,North,Chandigarh,Accessories,Laptop Sleeve,Retail,11,990.00,0.00,509.60,4.0
ORD-0111,2025-03-27,West,Ahmedabad,Furniture,Storage Cabinet,Online,4,11220.00,0.05,7524.00,4.5
ORD-0112,2025-04-13,East,Bhubaneswar,Furniture,Office Chair,Corporate,9,6825.00,0.00,4300.00,4.5
ORD-0113,2025-04-30,South,Bengaluru,Office Supplies,Desk Organizer,Retail,2,756.00,0.05,353.50,5.0
ORD-0114,2025-05-17,North,Chandigarh,Electronics,Keyboard,Online,7,1410.00,0.00,867.00,3.5
ORD-0115,2025-06-03,West,Ahmedabad,Electronics,Laptop Stand,Corporate,12,1746.00,0.05,1133.00,4.0
ORD-0116,2025-06-20,East,Bhubaneswar,Home Office,Monitor Arm,Retail,5,3200.00,0.00,1976.00,4.0
ORD-0117,2025-07-07,South,Bengaluru,Accessories,Webcam,Online,10,2884.00,0.05,1632.00,4.5
ORD-0118,2025-07-24,North,Chandigarh,Accessories,USB Hub,Corporate,3,1272.00,0.00,582.00,4.5
ORD-0119,2025-08-10,West,Ahmedabad,Furniture,Study Desk,Retail,8,7820.00,0.05,5782.00,5.0
ORD-0120,2025-08-27,East,Bhubaneswar,Office Supplies,Printer Paper,Online,1,522.50,0.00,297.00,3.5
ORD-0121,2025-09-13,South,Bengaluru,Office Supplies,Notebook Pack,Corporate,6,441.00,0.05,220.00,4.0
ORD-0122,2025-09-30,North,Chandigarh,Electronics,Wireless Mouse,Retail,11,909.00,0.00,484.80,4.0
ORD-0123,2025-10-17,West,Ahmedabad,Home Office,Foot Rest,Online,4,1456.00,0.05,714.00,4.5
ORD-0124,2025-11-03,East,Bhubaneswar,Home Office,Desk Lamp,Corporate,9,1712.00,0.00,927.00,4.5
ORD-0125,2025-11-20,South,Bengaluru,Accessories,Laptop Sleeve,Retail,2,930.00,0.05,540.80,5.0
ORD-0126,2025-12-07,North,Chandigarh,Furniture,Storage Cabinet,Online,7,10560.00,0.00,7296.00,3.5
ORD-0127,2025-12-24,West,Ahmedabad,Furniture,Office Chair,Corporate,12,6435.00,0.05,4171.00,4.0
ORD-0128,2025-01-10,East,Bhubaneswar,Office Supplies,Desk Organizer,Retail,5,714.00,0.00,343.00,4.0
ORD-0129,2025-01-27,South,Bengaluru,Electronics,Keyboard,Online,10,1575.00,0.05,841.50,4.5
ORD-0130,2025-02-13,North,Chandigarh,Electronics,Laptop Stand,Corporate,3,1944.00,0.00,1100.00,4.5
ORD-0131,2025-03-02,West,Ahmedabad,Home Office,Monitor Arm,Retail,8,3008.00,0.05,1919.00,5.0
ORD-0132,2025-03-19,East,Bhubaneswar,Accessories,Webcam,Online,1,2716.00,0.00,1734.00,3.5
ORD-0133,2025-04-05,South,Bengaluru,Accessories,USB Hub,Corporate,6,1200.00,0.05,618.00,4.0
ORD-0134,2025-04-22,North,Chandigarh,Furniture,Study Desk,Retail,11,8755.00,0.00,6136.00,4.0
ORD-0135,2025-05-09,West,Ahmedabad,Office Supplies,Printer Paper,Online,4,583.00,0.05,288.00,4.5
ORD-0136,2025-05-26,East,Bhubaneswar,Office Supplies,Notebook Pack,Corporate,9,414.00,0.00,213.40,4.5
ORD-0137,2025-06-12,South,Bengaluru,Electronics,Wireless Mouse,Retail,2,855.00,0.05,470.40,5.0
ORD-0138,2025-06-29,North,Chandigarh,Home Office,Foot Rest,Online,7,1372.00,0.00,693.00,3.5
ORD-0139,2025-07-16,West,Ahmedabad,Home Office,Desk Lamp,Corporate,12,1616.00,0.05,900.00,4.0
ORD-0140,2025-08-02,East,Bhubaneswar,Accessories,Laptop Sleeve,Retail,5,1040.00,0.00,525.20,4.0
ORD-0141,2025-08-19,South,Bengaluru,Furniture,Storage Cabinet,Online,10,11770.00,0.05,7752.00,4.5
ORD-0142,2025-09-05,North,Chandigarh,Furniture,Office Chair,Corporate,3,6045.00,0.00,4429.00,4.5
ORD-0143,2025-09-22,West,Ahmedabad,Office Supplies,Desk Organizer,Retail,8,672.00,0.05,364.00,5.0
ORD-0144,2025-10-09,East,Bhubaneswar,Electronics,Keyboard,Online,1,1485.00,0.00,816.00,3.5
ORD-0145,2025-10-26,South,Bengaluru,Electronics,Laptop Stand,Corporate,6,1836.00,0.05,1067.00,4.0
ORD-0146,2025-11-12,North,Chandigarh,Home Office,Monitor Arm,Retail,11,3360.00,0.00,1862.00,4.0
ORD-0147,2025-11-29,West,Ahmedabad,Accessories,Webcam,Online,4,3024.00,0.05,1683.00,4.5
ORD-0148,2025-12-16,East,Bhubaneswar,Accessories,USB Hub,Corporate,9,1128.00,0.00,600.00,4.5
ORD-0149,2025-01-02,South,Bengaluru,Furniture,Study Desk,Retail,2,8245.00,0.05,5959.00,5.0
ORD-0150,2025-01-19,North,Chandigarh,Office Supplies,Printer Paper,Online,7,550.00,0.00,306.00,3.5
ORD-0151,2025-02-05,West,Ahmedabad,Office Supplies,Notebook Pack,Corporate,12,463.50,0.05,226.60,4.0
ORD-0152,2025-02-22,East,Bhubaneswar,Electronics,Wireless Mouse,Retail,5,954.00,0.00,499.20,4.0
ORD-0153,2025-03-11,South,Bengaluru,Home Office,Foot Rest,Online,10,1288.00,0.05,672.00,4.5
ORD-0154,2025-03-28,North,Chandigarh,Home Office,Desk Lamp,Corporate,3,1520.00,0.00,873.00,4.5
ORD-0155,2025-04-14,West,Ahmedabad,Accessories,Laptop Sleeve,Retail,8,980.00,0.05,509.60,5.0
ORD-0156,2025-05-01,East,Bhubaneswar,Furniture,Storage Cabinet,Online,1,11110.00,0.00,7524.00,3.5
ORD-0157,2025-05-18,South,Bengaluru,Furniture,Office Chair,Corporate,6,6760.00,0.05,4300.00,4.0
ORD-0158,2025-06-04,North,Chandigarh,Office Supplies,Desk Organizer,Retail,11,749.00,0.00,353.50,4.0
ORD-0159,2025-06-21,West,Ahmedabad,Electronics,Keyboard,Online,4,1395.00,0.05,867.00,4.5
ORD-0160,2025-07-08,East,Bhubaneswar,Electronics,Laptop Stand,Corporate,9,1728.00,0.00,1133.00,4.5
ORD-0161,2025-07-25,South,Bengaluru,Home Office,Monitor Arm,Retail,2,3168.00,0.05,1976.00,5.0
ORD-0162,2025-08-11,North,Chandigarh,Accessories,Webcam,Online,7,2856.00,0.00,1632.00,3.5
ORD-0163,2025-08-28,West,Ahmedabad,Accessories,USB Hub,Corporate,12,1260.00,0.05,582.00,4.0
ORD-0164,2025-09-14,East,Bhubaneswar,Furniture,Study Desk,Retail,5,9180.00,0.00,5782.00,4.0
ORD-0165,2025-10-01,South,Bengaluru,Office Supplies,Printer Paper,Online,10,517.00,0.05,297.00,4.5
ORD-0166,2025-10-18,North,Chandigarh,Office Supplies,Notebook Pack,Corporate,3,436.50,0.00,220.00,4.5
ORD-0167,2025-11-04,West,Ahmedabad,Electronics,Wireless Mouse,Retail,8,900.00,0.05,484.80,5.0
ORD-0168,2025-11-21,East,Bhubaneswar,Home Office,Foot Rest,Online,1,1442.00,0.00,714.00,3.5
ORD-0169,2025-12-08,South,Bengaluru,Home Office,Desk Lamp,Corporate,6,1696.00,0.05,927.00,4.0
ORD-0170,2025-12-25,North,Chandigarh,Accessories,Laptop Sleeve,Retail,11,920.00,0.00,540.80,4.0
ORD-0171,2025-01-11,West,Ahmedabad,Furniture,Storage Cabinet,Online,4,10450.00,0.05,7296.00,4.5
ORD-0172,2025-01-28,East,Bhubaneswar,Furniture,Office Chair,Corporate,9,6370.00,0.00,4171.00,4.5
ORD-0173,2025-02-14,South,Bengaluru,Office Supplies,Desk Organizer,Retail,2,707.00,0.05,343.00,5.0
ORD-0174,2025-03-03,North,Chandigarh,Electronics,Keyboard,Online,7,1560.00,0.00,841.50,3.5
ORD-0175,2025-03-20,West,Ahmedabad,Electronics,Laptop Stand,Corporate,12,1926.00,0.05,1100.00,4.0
ORD-0176,2025-04-06,East,Bhubaneswar,Home Office,Monitor Arm,Retail,5,2976.00,0.00,1919.00,4.0
ORD-0177,2025-04-23,South,Bengaluru,Accessories,Webcam,Online,10,2688.00,0.05,1734.00,4.5
ORD-0178,2025-05-10,North,Chandigarh,Accessories,USB Hub,Corporate,3,1188.00,0.00,618.00,4.5
ORD-0179,2025-05-27,West,Ahmedabad,Furniture,Study Desk,Retail,8,8670.00,0.05,6136.00,5.0
ORD-0180,2025-06-13,East,Bhubaneswar,Office Supplies,Printer Paper,Online,1,577.50,0.00,288.00,3.5
ORD-0181,2025-06-30,South,Bengaluru,Office Supplies,Notebook Pack,Corporate,6,486.00,0.05,213.40,4.0
ORD-0182,2025-07-17,North,Chandigarh,Electronics,Wireless Mouse,Retail,11,846.00,0.00,470.40,4.0
ORD-0183,2025-08-03,West,Ahmedabad,Home Office,Foot Rest,Online,4,1358.00,0.05,693.00,4.5
ORD-0184,2025-08-20,East,Bhubaneswar,Home Office,Desk Lamp,Corporate,9,1600.00,0.00,900.00,4.5
ORD-0185,2025-09-06,South,Bengaluru,Accessories,Laptop Sleeve,Retail,2,1030.00,0.05,525.20,5.0
ORD-0186,2025-09-23,North,Chandigarh,Furniture,Storage Cabinet,Online,7,11660.00,0.00,7752.00,3.5
ORD-0187,2025-10-10,West,Ahmedabad,Furniture,Office Chair,Corporate,12,5980.00,0.05,4429.00,4.0
ORD-0188,2025-10-27,East,Bhubaneswar,Office Supplies,Desk Organizer,Retail,5,665.00,0.00,364.00,4.0
ORD-0189,2025-11-13,South,Bengaluru,Electronics,Keyboard,Online,10,1470.00,0.05,816.00,4.5
ORD-0190,2025-11-30,North,Chandigarh,Electronics,Laptop Stand,Corporate,3,1818.00,0.00,1067.00,4.5
ORD-0191,2025-12-17,West,Ahmedabad,Home Office,Monitor Arm,Retail,8,3328.00,0.05,1862.00,5.0
ORD-0192,2025-01-03,East,Bhubaneswar,Accessories,Webcam,Online,1,2996.00,0.00,1683.00,3.5
ORD-0193,2025-01-20,South,Bengaluru,Accessories,USB Hub,Corporate,6,1116.00,0.05,600.00,4.0
ORD-0194,2025-02-06,North,Chandigarh,Furniture,Study Desk,Retail,11,8160.00,0.00,5959.00,4.0
ORD-0195,2025-02-23,West,Ahmedabad,Office Supplies,Printer Paper,Online,4,544.50,0.05,306.00,4.5
ORD-0196,2025-03-12,East,Bhubaneswar,Office Supplies,Notebook Pack,Corporate,9,459.00,0.00,226.60,4.5
ORD-0197,2025-03-29,South,Bengaluru,Electronics,Wireless Mouse,Retail,2,945.00,0.05,499.20,5.0
ORD-0198,2025-04-15,North,Chandigarh,Home Office,Foot Rest,Online,7,1512.00,0.00,672.00,3.5
ORD-0199,2025-05-02,West,Ahmedabad,Home Office,Desk Lamp,Corporate,12,1504.00,0.05,873.00,4.0
ORD-0200,2025-05-19,East,Bhubaneswar,Accessories,Laptop Sleeve,Retail,5,970.00,0.00,509.60,4.0
ORD-0201,2025-06-05,South,Bengaluru,Furniture,Storage Cabinet,Online,10,11000.00,0.05,7524.00,4.5
ORD-0202,2025-06-22,North,Chandigarh,Furniture,Office Chair,Corporate,3,6695.00,0.00,4300.00,4.5
ORD-0203,2025-07-09,West,Ahmedabad,Office Supplies,Desk Organizer,Retail,8,742.00,0.05,353.50,5.0
ORD-0204,2025-07-26,East,Bhubaneswar,Electronics,Keyboard,Online,1,1380.00,0.00,867.00,3.5
ORD-0205,2025-08-12,South,Bengaluru,Electronics,Laptop Stand,Corporate,6,1710.00,0.05,1133.00,4.0
ORD-0206,2025-08-29,North,Chandigarh,Home Office,Monitor Arm,Retail,11,3136.00,0.00,1976.00,4.0
ORD-0207,2025-09-15,West,Ahmedabad,Accessories,Webcam,Online,4,2828.00,0.05,1632.00,4.5
ORD-0208,2025-10-02,East,Bhubaneswar,Accessories,USB Hub,Corporate,9,1248.00,0.00,582.00,4.5
ORD-0209,2025-10-19,South,Bengaluru,Furniture,Study Desk,Retail,2,9095.00,0.05,5782.00,5.0
ORD-0210,2025-11-05,North,Chandigarh,Office Supplies,Printer Paper,Online,7,511.50,0.00,297.00,3.5
ORD-0211,2025-11-22,West,Ahmedabad,Office Supplies,Notebook Pack,Corporate,12,432.00,0.05,220.00,4.0
ORD-0212,2025-12-09,East,Bhubaneswar,Electronics,Wireless Mouse,Retail,5,891.00,0.00,484.80,4.0
ORD-0213,2025-12-26,South,Bengaluru,Home Office,Foot Rest,Online,10,1428.00,0.05,714.00,4.5
ORD-0214,2025-01-12,North,Chandigarh,Home Office,Desk Lamp,Corporate,3,1680.00,0.00,927.00,4.5
ORD-0215,2025-01-29,West,Ahmedabad,Accessories,Laptop Sleeve,Retail,8,1080.00,0.05,540.80,5.0
ORD-0216,2025-02-15,East,Bhubaneswar,Furniture,Storage Cabinet,Online,1,10340.00,0.00,7296.00,3.5
ORD-0217,2025-03-04,South,Bengaluru,Furniture,Office Chair,Corporate,6,6305.00,0.05,4171.00,4.0
ORD-0218,2025-03-21,North,Chandigarh,Office Supplies,Desk Organizer,Retail,11,700.00,0.00,343.00,4.0
ORD-0219,2025-04-07,West,Ahmedabad,Electronics,Keyboard,Online,4,1545.00,0.05,841.50,4.5
ORD-0220,2025-04-24,East,Bhubaneswar,Electronics,Laptop Stand,Corporate,9,1908.00,0.00,1100.00,4.5
ORD-0221,2025-05-11,South,Bengaluru,Home Office,Monitor Arm,Retail,2,2944.00,0.05,1919.00,5.0
ORD-0222,2025-05-28,North,Chandigarh,Accessories,Webcam,Online,7,2660.00,0.00,1734.00,3.5
ORD-0223,2025-06-14,West,Ahmedabad,Accessories,USB Hub,Corporate,12,1176.00,0.05,618.00,4.0
ORD-0224,2025-07-01,East,Bhubaneswar,Furniture,Study Desk,Retail,5,8585.00,0.00,6136.00,4.0
ORD-0225,2025-07-18,South,Bengaluru,Office Supplies,Printer Paper,Online,10,572.00,0.05,288.00,4.5
ORD-0226,2025-08-04,North,Chandigarh,Office Supplies,Notebook Pack,Corporate,3,481.50,0.00,213.40,4.5
ORD-0227,2025-08-21,West,Ahmedabad,Electronics,Wireless Mouse,Retail,8,837.00,0.05,470.40,5.0
ORD-0228,2025-09-07,East,Bhubaneswar,Home Office,Foot Rest,Online,1,1344.00,0.00,693.00,3.5
ORD-0229,2025-09-24,South,Bengaluru,Home Office,Desk Lamp,Corporate,6,1584.00,0.05,900.00,4.0
ORD-0230,2025-10-11,North,Chandigarh,Accessories,Laptop Sleeve,Retail,11,1020.00,0.00,525.20,4.0
ORD-0231,2025-10-28,West,Ahmedabad,Furniture,Storage Cabinet,Online,4,11550.00,0.05,7752.00,4.5
ORD-0232,2025-11-14,East,Bhubaneswar,Furniture,Office Chair,Corporate,9,7020.00,0.00,4429.00,4.5
ORD-0233,2025-12-01,South,Bengaluru,Office Supplies,Desk Organizer,Retail,2,658.00,0.05,364.00,5.0
ORD-0234,2025-12-18,North,Chandigarh,Electronics,Keyboard,Online,7,1455.00,0.00,816.00,3.5
ORD-0235,2025-01-04,West,Ahmedabad,Electronics,Laptop Stand,Corporate,12,1800.00,0.05,1067.00,4.0
ORD-0236,2025-01-21,East,Bhubaneswar,Home Office,Monitor Arm,Retail,5,3296.00,0.00,1862.00,4.0
ORD-0237,2025-02-07,South,Bengaluru,Accessories,Webcam,Online,10,2968.00,0.05,1683.00,4.5
ORD-0238,2025-02-24,North,Chandigarh,Accessories,USB Hub,Corporate,3,1104.00,0.00,600.00,4.5
ORD-0239,2025-03-13,West,Ahmedabad,Furniture,Study Desk,Retail,8,8075.00,0.05,5959.00,5.0
ORD-0240,2025-03-30,East,Bhubaneswar,Office Supplies,Printer Paper,Online,1,539.00,0.00,306.00,3.5
ORD-0241,2025-04-16,South,Bengaluru,Office Supplies,Notebook Pack,Corporate,6,454.50,0.05,226.60,4.0
ORD-0242,2025-05-03,North,Chandigarh,Electronics,Wireless Mouse,Retail,11,936.00,0.00,499.20,4.0
ORD-0243,2025-05-20,West,Ahmedabad,Home Office,Foot Rest,Online,4,1498.00,0.05,672.00,4.5
ORD-0244,2025-06-06,East,Bhubaneswar,Home Office,Desk Lamp,Corporate,9,1488.00,0.00,873.00,4.5
ORD-0245,2025-06-23,South,Bengaluru,Accessories,Laptop Sleeve,Retail,2,960.00,0.05,509.60,5.0
ORD-0246,2025-07-10,North,Chandigarh,Furniture,Storage Cabinet,Online,7,10890.00,0.00,7524.00,3.5
ORD-0247,2025-07-27,West,Ahmedabad,Furniture,Office Chair,Corporate,12,6630.00,0.05,4300.00,4.0
ORD-0248,2025-08-13,East,Bhubaneswar,Office Supplies,Desk Organizer,Retail,5,735.00,0.00,353.50,4.0
ORD-0249,2025-08-30,South,Bengaluru,Electronics,Keyboard,Online,10,1620.00,0.05,867.00,4.5
ORD-0250,2025-09-16,North,Chandigarh,Electronics,Laptop Stand,Corporate,3,1692.00,0.00,1133.00,4.5
ORD-0251,2025-10-03,West,Ahmedabad,Home Office,Monitor Arm,Retail,8,3104.00,0.05,1976.00,5.0
ORD-0252,2025-10-20,East,Bhubaneswar,Accessories,Webcam,Online,1,2800.00,0.00,1632.00,3.5
ORD-0253,2025-11-06,South,Bengaluru,Accessories,USB Hub,Corporate,6,1236.00,0.05,582.00,4.0
ORD-0254,2025-11-23,North,Chandigarh,Furniture,Study Desk,Retail,11,9010.00,0.00,5782.00,4.0
ORD-0255,2025-12-10,West,Ahmedabad,Office Supplies,Printer Paper,Online,4,506.00,0.05,297.00,4.5
ORD-0256,2025-12-27,East,Bhubaneswar,Office Supplies,Notebook Pack,Corporate,9,427.50,0.00,220.00,4.5
ORD-0257,2025-01-13,South,Bengaluru,Electronics,Wireless Mouse,Retail,2,882.00,0.05,484.80,5.0
ORD-0258,2025-01-30,North,Chandigarh,Home Office,Foot Rest,Online,7,1414.00,0.00,714.00,3.5
ORD-0259,2025-02-16,West,Ahmedabad,Home Office,Desk Lamp,Corporate,12,1664.00,0.05,927.00,4.0
ORD-0260,2025-03-05,East,Bhubaneswar,Accessories,Laptop Sleeve,Retail,5,1070.00,0.00,540.80,4.0
ORD-0261,2025-03-22,South,Bengaluru,Furniture,Storage Cabinet,Online,10,10230.00,0.05,7296.00,4.5
ORD-0262,2025-04-08,North,Chandigarh,Furniture,Office Chair,Corporate,3,6240.00,0.00,4171.00,4.5
ORD-0263,2025-04-25,West,Ahmedabad,Office Supplies,Desk Organizer,Retail,8,693.00,0.05,343.00,5.0
ORD-0264,2025-05-12,East,Bhubaneswar,Electronics,Keyboard,Online,1,1530.00,0.00,841.50,3.5
ORD-0265,2025-05-29,South,Bengaluru,Electronics,Laptop Stand,Corporate,6,1890.00,0.05,1100.00,4.0
ORD-0266,2025-06-15,North,Chandigarh,Home Office,Monitor Arm,Retail,11,3456.00,0.00,1919.00,4.0
ORD-0267,2025-07-02,West,Ahmedabad,Accessories,Webcam,Online,4,2632.00,0.05,1734.00,4.5
ORD-0268,2025-07-19,East,Bhubaneswar,Accessories,USB Hub,Corporate,9,1164.00,0.00,618.00,4.5
ORD-0269,2025-08-05,South,Bengaluru,Furniture,Study Desk,Retail,2,8500.00,0.05,6136.00,5.0
ORD-0270,2025-08-22,North,Chandigarh,Office Supplies,Printer Paper,Online,7,566.50,0.00,288.00,3.5
ORD-0271,2025-09-08,West,Ahmedabad,Office Supplies,Notebook Pack,Corporate,12,477.00,0.05,213.40,4.0
ORD-0272,2025-09-25,East,Bhubaneswar,Electronics,Wireless Mouse,Retail,5,828.00,0.00,470.40,4.0
ORD-0273,2025-10-12,South,Bengaluru,Home Office,Foot Rest,Online,10,1330.00,0.05,693.00,4.5
ORD-0274,2025-10-29,North,Chandigarh,Home Office,Desk Lamp,Corporate,3,1568.00,0.00,900.00,4.5
ORD-0275,2025-11-15,West,Ahmedabad,Accessories,Laptop Sleeve,Retail,8,1010.00,0.05,525.20,5.0
ORD-0276,2025-12-02,East,Bhubaneswar,Furniture,Storage Cabinet,Online,1,11440.00,0.00,7752.00,3.5
ORD-0277,2025-12-19,South,Bengaluru,Furniture,Office Chair,Corporate,6,6955.00,0.05,4429.00,4.0
ORD-0278,2025-01-05,North,Chandigarh,Office Supplies,Desk Organizer,Retail,11,651.00,0.00,364.00,4.0
ORD-0279,2025-01-22,West,Ahmedabad,Electronics,Keyboard,Online,4,1440.00,0.05,816.00,4.5
ORD-0280,2025-02-08,East,Bhubaneswar,Electronics,Laptop Stand,Corporate,9,1782.00,0.00,1067.00,4.5
ORD-0281,2025-02-25,South,Bengaluru,Home Office,Monitor Arm,Retail,2,3264.00,0.05,1862.00,5.0
ORD-0282,2025-03-14,North,Chandigarh,Accessories,Webcam,Online,7,2940.00,0.00,1683.00,3.5
ORD-0283,2025-03-31,West,Ahmedabad,Accessories,USB Hub,Corporate,12,1296.00,0.05,600.00,4.0
ORD-0284,2025-04-17,East,Bhubaneswar,Furniture,Study Desk,Retail,5,7990.00,0.00,5959.00,4.0
ORD-0285,2025-05-04,South,Bengaluru,Office Supplies,Printer Paper,Online,10,533.50,0.05,306.00,4.5
ORD-0286,2025-05-21,North,Chandigarh,Office Supplies,Notebook Pack,Corporate,3,450.00,0.00,226.60,4.5
ORD-0287,2025-06-07,West,Ahmedabad,Electronics,Wireless Mouse,Retail,8,927.00,0.05,499.20,5.0
ORD-0288,2025-06-24,East,Bhubaneswar,Home Office,Foot Rest,Online,1,1484.00,0.00,672.00,3.5
ORD-0289,2025-07-11,South,Bengaluru,Home Office,Desk Lamp,Corporate,6,1472.00,0.05,873.00,4.0
ORD-0290,2025-07-28,North,Chandigarh,Accessories,Laptop Sleeve,Retail,11,950.00,0.00,509.60,4.0
ORD-0291,2025-08-14,West,Ahmedabad,Furniture,Storage Cabinet,Online,4,10780.00,0.05,7524.00,4.5
ORD-0292,2025-08-31,East,Bhubaneswar,Furniture,Office Chair,Corporate,9,6565.00,0.00,4300.00,4.5
ORD-0293,2025-09-17,South,Bengaluru,Office Supplies,Desk Organizer,Retail,2,728.00,0.05,353.50,5.0
ORD-0294,2025-10-04,North,Chandigarh,Electronics,Keyboard,Online,7,1605.00,0.00,867.00,3.5
ORD-0295,2025-10-21,West,Ahmedabad,Electronics,Laptop Stand,Corporate,12,1674.00,0.05,1133.00,4.0
ORD-0296,2025-11-07,East,Bhubaneswar,Home Office,Monitor Arm,Retail,5,3072.00,0.00,1976.00,4.0
ORD-0297,2025-11-24,South,Bengaluru,Accessories,Webcam,Online,10,2772.00,0.05,1632.00,4.5
ORD-0298,2025-12-11,North,Chandigarh,Accessories,USB Hub,Corporate,3,1224.00,0.00,582.00,4.5
ORD-0299,2025-12-28,West,Ahmedabad,Furniture,Study Desk,Retail,8,8925.00,0.05,5782.00,5.0
ORD-0300,2025-01-14,East,Bhubaneswar,Office Supplies,Printer Paper,Online,1,594.00,0.00,297.00,3.5
ORD-0301,2025-01-31,South,Bengaluru,Office Supplies,Notebook Pack,Corporate,6,423.00,0.05,220.00,4.0
ORD-0302,2025-02-17,North,Chandigarh,Electronics,Wireless Mouse,Retail,11,873.00,0.00,484.80,4.0
ORD-0303,2025-03-06,West,Ahmedabad,Home Office,Foot Rest,Online,4,1400.00,0.05,714.00,4.5
ORD-0304,2025-03-23,East,Bhubaneswar,Home Office,Desk Lamp,Corporate,9,1648.00,0.00,927.00,4.5
ORD-0305,2025-04-09,South,Bengaluru,Accessories,Laptop Sleeve,Retail,2,1060.00,0.05,540.80,5.0
ORD-0306,2025-04-26,North,Chandigarh,Furniture,Storage Cabinet,Online,7,10120.00,0.00,7296.00,3.5
ORD-0307,2025-05-13,West,Ahmedabad,Furniture,Office Chair,Corporate,12,6175.00,0.05,4171.00,4.0
ORD-0308,2025-05-30,East,Bhubaneswar,Office Supplies,Desk Organizer,Retail,5,686.00,0.00,343.00,4.0
ORD-0309,2025-06-16,South,Bengaluru,Electronics,Keyboard,Online,10,1515.00,0.05,841.50,4.5
ORD-0310,2025-07-03,North,Chandigarh,Electronics,Laptop Stand,Corporate,3,1872.00,0.00,1100.00,4.5
ORD-0311,2025-07-20,West,Ahmedabad,Home Office,Monitor Arm,Retail,8,3424.00,0.05,1919.00,5.0
ORD-0312,2025-08-06,East,Bhubaneswar,Accessories,Webcam,Online,1,2604.00,0.00,1734.00,3.5
ORD-0313,2025-08-23,South,Bengaluru,Accessories,USB Hub,Corporate,6,1152.00,0.05,618.00,4.0
ORD-0314,2025-09-09,North,Chandigarh,Furniture,Study Desk,Retail,11,8415.00,0.00,6136.00,4.0
ORD-0315,2025-09-26,West,Ahmedabad,Office Supplies,Printer Paper,Online,4,561.00,0.05,288.00,4.5
ORD-0316,2025-10-13,East,Bhubaneswar,Office Supplies,Notebook Pack,Corporate,9,472.50,0.00,213.40,4.5
ORD-0317,2025-10-30,South,Bengaluru,Electronics,Wireless Mouse,Retail,2,972.00,0.05,470.40,5.0
ORD-0318,2025-11-16,North,Chandigarh,Home Office,Foot Rest,Online,7,1316.00,0.00,693.00,3.5
ORD-0319,2025-12-03,West,Ahmedabad,Home Office,Desk Lamp,Corporate,12,1552.00,0.05,900.00,4.0
ORD-0320,2025-12-20,East,Bhubaneswar,Accessories,Laptop Sleeve,Retail,5,1000.00,0.00,525.20,4.0
ORD-0321,2025-01-06,South,Bengaluru,Furniture,Storage Cabinet,Online,10,11330.00,0.05,7752.00,4.5
ORD-0322,2025-01-23,North,Chandigarh,Furniture,Office Chair,Corporate,3,6890.00,0.00,4429.00,4.5
ORD-0323,2025-02-09,West,Ahmedabad,Office Supplies,Desk Organizer,Retail,8,644.00,0.05,364.00,5.0
ORD-0324,2025-02-26,East,Bhubaneswar,Electronics,Keyboard,Online,1,1425.00,0.00,816.00,3.5
ORD-0325,2025-03-15,South,Bengaluru,Electronics,Laptop Stand,Corporate,6,1764.00,0.05,1067.00,4.0
ORD-0326,2025-04-01,North,Chandigarh,Home Office,Monitor Arm,Retail,11,3232.00,0.00,1862.00,4.0
ORD-0327,2025-04-18,West,Ahmedabad,Accessories,Webcam,Online,4,2912.00,0.05,1683.00,4.5
ORD-0328,2025-05-05,East,Bhubaneswar,Accessories,USB Hub,Corporate,9,1284.00,0.00,600.00,4.5
ORD-0329,2025-05-22,South,Bengaluru,Furniture,Study Desk,Retail,2,7905.00,0.05,5959.00,5.0
ORD-0330,2025-06-08,North,Chandigarh,Office Supplies,Printer Paper,Online,7,528.00,0.00,306.00,3.5
ORD-0331,2025-06-25,West,Ahmedabad,Office Supplies,Notebook Pack,Corporate,12,445.50,0.05,226.60,4.0
ORD-0332,2025-07-12,East,Bhubaneswar,Electronics,Wireless Mouse,Retail,5,918.00,0.00,499.20,4.0
ORD-0333,2025-07-29,South,Bengaluru,Home Office,Foot Rest,Online,10,1470.00,0.05,672.00,4.5
ORD-0334,2025-08-15,North,Chandigarh,Home Office,Desk Lamp,Corporate,3,1728.00,0.00,873.00,4.5
ORD-0335,2025-09-01,West,Ahmedabad,Accessories,Laptop Sleeve,Retail,8,940.00,0.05,509.60,5.0
ORD-0336,2025-09-18,East,Bhubaneswar,Furniture,Storage Cabinet,Online,1,10670.00,0.00,7524.00,3.5
ORD-0337,2025-10-05,South,Bengaluru,Furniture,Office Chair,Corporate,6,6500.00,0.05,4300.00,4.0
ORD-0338,2025-10-22,North,Chandigarh,Office Supplies,Desk Organizer,Retail,11,721.00,0.00,353.50,4.0
ORD-0339,2025-11-08,West,Ahmedabad,Electronics,Keyboard,Online,4,1590.00,0.05,867.00,4.5
ORD-0340,2025-11-25,East,Bhubaneswar,Electronics,Laptop Stand,Corporate,9,1656.00,0.00,1133.00,4.5
ORD-0341,2025-12-12,South,Bengaluru,Home Office,Monitor Arm,Retail,2,3040.00,0.05,1976.00,5.0
ORD-0342,2025-12-29,North,Chandigarh,Accessories,Webcam,Online,7,2744.00,0.00,1632.00,3.5
ORD-0343,2025-01-15,West,Ahmedabad,Accessories,USB Hub,Corporate,12,1212.00,0.05,582.00,4.0
ORD-0344,2025-02-01,East,Bhubaneswar,Furniture,Study Desk,Retail,5,8840.00,0.00,5782.00,4.0
ORD-0345,2025-02-18,South,Bengaluru,Office Supplies,Printer Paper,Online,10,588.50,0.05,297.00,4.5
ORD-0346,2025-03-07,North,Chandigarh,Office Supplies,Notebook Pack,Corporate,3,418.50,0.00,220.00,4.5
ORD-0347,2025-03-24,West,Ahmedabad,Electronics,Wireless Mouse,Retail,8,864.00,0.05,484.80,5.0
ORD-0348,2025-04-10,East,Bhubaneswar,Home Office,Foot Rest,Online,1,1386.00,0.00,714.00,3.5
ORD-0349,2025-04-27,South,Bengaluru,Home Office,Desk Lamp,Corporate,6,1632.00,0.05,927.00,4.0
ORD-0350,2025-05-14,North,Chandigarh,Accessories,Laptop Sleeve,Retail,11,1050.00,0.00,540.80,4.0
ORD-0351,2025-05-31,West,Ahmedabad,Furniture,Storage Cabinet,Online,4,11880.00,0.05,7296.00,4.5
ORD-0352,2025-06-17,East,Bhubaneswar,Furniture,Office Chair,Corporate,9,6110.00,0.00,4171.00,4.5
ORD-0353,2025-07-04,South,Bengaluru,Office Supplies,Desk Organizer,Retail,2,679.00,0.05,343.00,5.0
ORD-0354,2025-07-21,North,Chandigarh,Electronics,Keyboard,Online,7,1500.00,0.00,841.50,3.5
ORD-0355,2025-08-07,West,Ahmedabad,Electronics,Laptop Stand,Corporate,12,1854.00,0.05,1100.00,4.0
ORD-0356,2025-08-24,East,Bhubaneswar,Home Office,Monitor Arm,Retail,5,3392.00,0.00,1919.00,4.0
ORD-0357,2025-09-10,South,Bengaluru,Accessories,Webcam,Online,10,2576.00,0.05,1734.00,4.5
ORD-0358,2025-09-27,North,Chandigarh,Accessories,USB Hub,Corporate,3,1140.00,0.00,618.00,4.5
ORD-0359,2025-10-14,West,Ahmedabad,Furniture,Study Desk,Retail,8,8330.00,0.05,6136.00,5.0
ORD-0360,2025-10-31,East,Bhubaneswar,Office Supplies,Printer Paper,Online,1,555.50,0.00,288.00,3.5
ORD-0361,2025-11-17,South,Bengaluru,Office Supplies,Notebook Pack,Corporate,6,468.00,0.05,213.40,4.0
ORD-0362,2025-12-04,North,Chandigarh,Electronics,Wireless Mouse,Retail,11,963.00,0.00,470.40,4.0
ORD-0363,2025-12-21,West,Ahmedabad,Home Office,Foot Rest,Online,4,1302.00,0.05,693.00,4.5
ORD-0364,2025-01-07,East,Bhubaneswar,Home Office,Desk Lamp,Corporate,9,1536.00,0.00,900.00,4.5
ORD-0365,2025-01-24,South,Bengaluru,Accessories,Laptop Sleeve,Retail,2,990.00,0.05,525.20,5.0
ORD-0366,2025-02-10,North,Chandigarh,Furniture,Storage Cabinet,Online,7,11220.00,0.00,7752.00,3.5
ORD-0367,2025-02-27,West,Ahmedabad,Furniture,Office Chair,Corporate,12,6825.00,0.05,4429.00,4.0
ORD-0368,2025-03-16,East,Bhubaneswar,Office Supplies,Desk Organizer,Retail,5,756.00,0.00,364.00,4.0
ORD-0369,2025-04-02,South,Bengaluru,Electronics,Keyboard,Online,10,1410.00,0.05,816.00,4.5
ORD-0370,2025-04-19,North,Chandigarh,Electronics,Laptop Stand,Corporate,3,1746.00,0.00,1067.00,4.5
ORD-0371,2025-05-06,West,Ahmedabad,Home Office,Monitor Arm,Retail,8,3200.00,0.05,1862.00,5.0
ORD-0372,2025-05-23,East,Bhubaneswar,Accessories,Webcam,Online,1,2884.00,0.00,1683.00,3.5
ORD-0373,2025-06-09,South,Bengaluru,Accessories,USB Hub,Corporate,6,1272.00,0.05,600.00,4.0
ORD-0374,2025-06-26,North,Chandigarh,Furniture,Study Desk,Retail,11,7820.00,0.00,5959.00,4.0
ORD-0375,2025-07-13,West,Ahmedabad,Office Supplies,Printer Paper,Online,4,522.50,0.05,306.00,4.5
ORD-0376,2025-07-30,East,Bhubaneswar,Office Supplies,Notebook Pack,Corporate,9,441.00,0.00,226.60,4.5
ORD-0377,2025-08-16,South,Bengaluru,Electronics,Wireless Mouse,Retail,2,909.00,0.05,499.20,5.0
ORD-0378,2025-09-02,North,Chandigarh,Home Office,Foot Rest,Online,7,1456.00,0.00,672.00,3.5
ORD-0379,2025-09-19,West,Ahmedabad,Home Office,Desk Lamp,Corporate,12,1712.00,0.05,873.00,4.0
ORD-0380,2025-10-06,East,Bhubaneswar,Accessories,Laptop Sleeve,Retail,5,930.00,0.00,509.60,4.0
ORD-0381,2025-10-23,South,Bengaluru,Furniture,Storage Cabinet,Online,10,10560.00,0.05,7524.00,4.5
ORD-0382,2025-11-09,North,Chandigarh,Furniture,Office Chair,Corporate,3,6435.00,0.00,4300.00,4.5
ORD-0383,2025-11-26,West,Ahmedabad,Office Supplies,Desk Organizer,Retail,8,714.00,0.05,353.50,5.0
ORD-0384,2025-12-13,East,Bhubaneswar,Electronics,Keyboard,Online,1,1575.00,0.00,867.00,3.5
ORD-0385,2025-12-30,South,Bengaluru,Electronics,Laptop Stand,Corporate,6,1944.00,0.05,1133.00,4.0
ORD-0386,2025-01-16,North,Chandigarh,Home Office,Monitor Arm,Retail,11,3008.00,0.00,1976.00,4.0
ORD-0387,2025-02-02,West,Ahmedabad,Accessories,Webcam,Online,4,2716.00,0.05,1632.00,4.5
ORD-0388,2025-02-19,East,Bhubaneswar,Accessories,USB Hub,Corporate,9,1200.00,0.00,582.00,4.5
ORD-0389,2025-03-08,South,Bengaluru,Furniture,Study Desk,Retail,2,8755.00,0.05,5782.00,5.0
ORD-0390,2025-03-25,North,Chandigarh,Office Supplies,Printer Paper,Online,7,583.00,0.00,297.00,3.5
ORD-0391,2025-04-11,West,Ahmedabad,Office Supplies,Notebook Pack,Corporate,12,414.00,0.05,220.00,4.0
ORD-0392,2025-04-28,East,Bhubaneswar,Electronics,Wireless Mouse,Retail,5,855.00,0.00,484.80,4.0
ORD-0393,2025-05-15,South,Bengaluru,Home Office,Foot Rest,Online,10,1372.00,0.05,714.00,4.5
ORD-0394,2025-06-01,North,Chandigarh,Home Office,Desk Lamp,Corporate,3,1616.00,0.00,927.00,4.5
ORD-0395,2025-06-18,West,Ahmedabad,Accessories,Laptop Sleeve,Retail,8,1040.00,0.05,540.80,5.0
ORD-0396,2025-07-05,East,Bhubaneswar,Furniture,Storage Cabinet,Online,1,11770.00,0.00,7296.00,3.5
ORD-0397,2025-07-22,South,Bengaluru,Furniture,Office Chair,Corporate,6,6045.00,0.05,4171.00,4.0
ORD-0398,2025-08-08,North,Chandigarh,Office Supplies,Desk Organizer,Retail,11,672.00,0.00,343.00,4.0
ORD-0399,2025-08-25,West,Ahmedabad,Electronics,Keyboard,Online,4,1485.00,0.05,841.50,4.5
ORD-0400,2025-09-11,East,Bhubaneswar,Electronics,Laptop Stand,Corporate,9,1836.00,0.00,1100.00,4.5
ORD-0401,2025-09-28,South,Bengaluru,Home Office,Monitor Arm,Retail,2,3360.00,0.05,1919.00,5.0
ORD-0402,2025-10-15,North,Chandigarh,Accessories,Webcam,Online,7,3024.00,0.00,1734.00,3.5
ORD-0403,2025-11-01,West,Ahmedabad,Accessories,USB Hub,Corporate,12,1128.00,0.05,618.00,4.0
ORD-0404,2025-11-18,East,Bhubaneswar,Furniture,Study Desk,Retail,5,8245.00,0.00,6136.00,4.0
ORD-0405,2025-12-05,South,Bengaluru,Office Supplies,Printer Paper,Online,10,550.00,0.05,288.00,4.5
ORD-0406,2025-12-22,North,Chandigarh,Office Supplies,Notebook Pack,Corporate,3,463.50,0.00,213.40,4.5
ORD-0407,2025-01-08,West,Ahmedabad,Electronics,Wireless Mouse,Retail,8,954.00,0.05,470.40,5.0
ORD-0408,2025-01-25,East,Bhubaneswar,Home Office,Foot Rest,Online,1,1288.00,0.00,693.00,3.5
ORD-0409,2025-02-11,South,Bengaluru,Home Office,Desk Lamp,Corporate,6,1520.00,0.05,900.00,4.0
ORD-0410,2025-02-28,North,Chandigarh,Accessories,Laptop Sleeve,Retail,11,980.00,0.00,525.20,4.0
ORD-0411,2025-03-17,West,Ahmedabad,Furniture,Storage Cabinet,Online,4,11110.00,0.05,7752.00,4.5
ORD-0412,2025-04-03,East,Bhubaneswar,Furniture,Office Chair,Corporate,9,6760.00,0.00,4429.00,4.5
ORD-0413,2025-04-20,South,Bengaluru,Office Supplies,Desk Organizer,Retail,2,749.00,0.05,364.00,5.0
ORD-0414,2025-05-07,North,Chandigarh,Electronics,Keyboard,Online,7,1395.00,0.00,816.00,3.5
ORD-0415,2025-05-24,West,Ahmedabad,Electronics,Laptop Stand,Corporate,12,1728.00,0.05,1067.00,4.0
ORD-0416,2025-06-10,East,Bhubaneswar,Home Office,Monitor Arm,Retail,5,3168.00,0.00,1862.00,4.0
ORD-0417,2025-06-27,South,Bengaluru,Accessories,Webcam,Online,10,2856.00,0.05,1683.00,4.5
ORD-0418,2025-07-14,North,Chandigarh,Accessories,USB Hub,Corporate,3,1260.00,0.00,600.00,4.5
ORD-0419,2025-07-31,West,Ahmedabad,Furniture,Study Desk,Retail,8,9180.00,0.05,5959.00,5.0
ORD-0420,2025-08-17,East,Bhubaneswar,Office Supplies,Printer Paper,Online,1,517.00,0.00,306.00,3.5
ORD-0421,2025-09-03,South,Bengaluru,Office Supplies,Notebook Pack,Corporate,6,436.50,0.05,226.60,4.0
ORD-0422,2025-09-20,North,Chandigarh,Electronics,Wireless Mouse,Retail,11,900.00,0.00,499.20,4.0
ORD-0423,2025-10-07,West,Ahmedabad,Home Office,Foot Rest,Online,4,1442.00,0.05,672.00,4.5
ORD-0424,2025-10-24,East,Bhubaneswar,Home Office,Desk Lamp,Corporate,9,1696.00,0.00,873.00,4.5
ORD-0425,2025-11-10,South,Bengaluru,Accessories,Laptop Sleeve,Retail,2,920.00,0.05,509.60,5.0
ORD-0426,2025-11-27,North,Chandigarh,Furniture,Storage Cabinet,Online,7,10450.00,0.00,7524.00,3.5
ORD-0427,2025-12-14,West,Ahmedabad,Furniture,Office Chair,Corporate,12,6370.00,0.05,4300.00,4.0
ORD-0428,2025-12-31,East,Bhubaneswar,Office Supplies,Desk Organizer,Retail,5,707.00,0.00,353.50,4.0
ORD-0429,2025-01-17,South,Bengaluru,Electronics,Keyboard,Online,10,1560.00,0.05,867.00,4.5
ORD-0430,2025-02-03,North,Chandigarh,Electronics,Laptop Stand,Corporate,3,1926.00,0.00,1133.00,4.5
ORD-0431,2025-02-20,West,Ahmedabad,Home Office,Monitor Arm,Retail,8,2976.00,0.05,1976.00,5.0
ORD-0432,2025-03-09,East,Bhubaneswar,Accessories,Webcam,Online,1,2688.00,0.00,1632.00,3.5
ORD-0433,2025-03-26,South,Bengaluru,Accessories,USB Hub,Corporate,6,1188.00,0.05,582.00,4.0
ORD-0434,2025-04-12,North,Chandigarh,Furniture,Study Desk,Retail,11,8670.00,0.00,5782.00,4.0
ORD-0435,2025-04-29,West,Ahmedabad,Office Supplies,Printer Paper,Online,4,577.50,0.05,297.00,4.5
ORD-0436,2025-05-16,East,Bhubaneswar,Office Supplies,Notebook Pack,Corporate,9,486.00,0.00,220.00,4.5
ORD-0437,2025-06-02,South,Bengaluru,Electronics,Wireless Mouse,Retail,2,846.00,0.05,484.80,5.0
ORD-0438,2025-06-19,North,Chandigarh,Home Office,Foot Rest,Online,7,1358.00,0.00,714.00,3.5
ORD-0439,2025-07-06,West,Ahmedabad,Home Office,Desk Lamp,Corporate,12,1600.00,0.05,927.00,4.0
ORD-0440,2025-07-23,East,Bhubaneswar,Accessories,Laptop Sleeve,Retail,5,1030.00,0.00,540.80,4.0
ORD-0441,2025-08-09,South,Bengaluru,Furniture,Storage Cabinet,Online,10,11660.00,0.05,7296.00,4.5
ORD-0442,2025-08-26,North,Chandigarh,Furniture,Office Chair,Corporate,3,5980.00,0.00,4171.00,4.5
ORD-0443,2025-09-12,West,Ahmedabad,Office Supplies,Desk Organizer,Retail,8,665.00,0.05,343.00,5.0
ORD-0444,2025-09-29,East,Bhubaneswar,Electronics,Keyboard,Online,1,1470.00,0.00,841.50,3.5
ORD-0445,2025-10-16,South,Bengaluru,Electronics,Laptop Stand,Corporate,6,1818.00,0.05,1100.00,4.0
ORD-0446,2025-11-02,North,Chandigarh,Home Office,Monitor Arm,Retail,11,3328.00,0.00,1919.00,4.0
ORD-0447,2025-11-19,West,Ahmedabad,Accessories,Webcam,Online,4,2996.00,0.05,1734.00,4.5
ORD-0448,2025-12-06,East,Bhubaneswar,Accessories,USB Hub,Corporate,9,1116.00,0.00,618.00,4.5
ORD-0449,2025-12-23,South,Bengaluru,Furniture,Study Desk,Retail,2,8160.00,0.05,6136.00,5.0
ORD-0450,2025-01-09,North,Chandigarh,Office Supplies,Printer Paper,Online,7,544.50,0.00,288.00,3.5
ORD-0451,2025-01-26,West,Ahmedabad,Office Supplies,Notebook Pack,Corporate,12,459.00,0.05,213.40,4.0
ORD-0452,2025-02-12,East,Bhubaneswar,Electronics,Wireless Mouse,Retail,5,945.00,0.00,470.40,4.0
ORD-0453,2025-03-01,South,Bengaluru,Home Office,Foot Rest,Online,10,1512.00,0.05,693.00,4.5
ORD-0454,2025-03-18,North,Chandigarh,Home Office,Desk Lamp,Corporate,3,1504.00,0.00,900.00,4.5
ORD-0455,2025-04-04,West,Ahmedabad,Accessories,Laptop Sleeve,Retail,8,970.00,0.05,525.20,5.0
ORD-0456,2025-04-21,East,Bhubaneswar,Furniture,Storage Cabinet,Online,1,11000.00,0.00,7752.00,3.5
ORD-0457,2025-05-08,South,Bengaluru,Furniture,Office Chair,Corporate,6,6695.00,0.05,4429.00,4.0
ORD-0458,2025-05-25,North,Chandigarh,Office Supplies,Desk Organizer,Retail,11,742.00,0.00,364.00,4.0
ORD-0459,2025-06-11,West,Ahmedabad,Electronics,Keyboard,Online,4,1380.00,0.05,816.00,4.5
ORD-0460,2025-06-28,East,Bhubaneswar,Electronics,Laptop Stand,Corporate,9,1710.00,0.00,1067.00,4.5
ORD-0461,2025-07-15,South,Bengaluru,Home Office,Monitor Arm,Retail,2,3136.00,0.05,1862.00,5.0
ORD-0462,2025-08-01,North,Chandigarh,Accessories,Webcam,Online,7,2828.00,0.00,1683.00,3.5
ORD-0463,2025-08-18,West,Ahmedabad,Accessories,USB Hub,Corporate,12,1248.00,0.05,600.00,4.0
ORD-0464,2025-09-04,East,Bhubaneswar,Furniture,Study Desk,Retail,5,9095.00,0.00,5959.00,4.0
ORD-0465,2025-09-21,South,Bengaluru,Office Supplies,Printer Paper,Online,10,511.50,0.05,306.00,4.5
ORD-0466,2025-10-08,North,Chandigarh,Office Supplies,Notebook Pack,Corporate,3,432.00,0.00,226.60,4.5
ORD-0467,2025-10-25,West,Ahmedabad,Electronics,Wireless Mouse,Retail,8,891.00,0.05,499.20,5.0
ORD-0468,2025-11-11,East,Bhubaneswar,Home Office,Foot Rest,Online,1,1428.00,0.00,672.00,3.5
ORD-0469,2025-11-28,South,Bengaluru,Home Office,Desk Lamp,Corporate,6,1680.00,0.05,873.00,4.0
ORD-0470,2025-12-15,North,Chandigarh,Accessories,Laptop Sleeve,Retail,11,1080.00,0.00,509.60,4.0
ORD-0471,2025-01-01,West,Ahmedabad,Furniture,Storage Cabinet,Online,4,10340.00,0.05,7524.00,4.5
ORD-0472,2025-01-18,East,Bhubaneswar,Furniture,Office Chair,Corporate,9,6305.00,0.00,4300.00,4.5
ORD-0473,2025-02-04,South,Bengaluru,Office Supplies,Desk Organizer,Retail,2,700.00,0.05,353.50,5.0
ORD-0474,2025-02-21,North,Chandigarh,Electronics,Keyboard,Online,7,1545.00,0.00,867.00,3.5
ORD-0475,2025-03-10,West,Ahmedabad,Electronics,Laptop Stand,Corporate,12,1908.00,0.05,1133.00,4.0
ORD-0476,2025-03-27,East,Bhubaneswar,Home Office,Monitor Arm,Retail,5,2944.00,0.00,1976.00,4.0
ORD-0477,2025-04-13,South,Bengaluru,Accessories,Webcam,Online,10,2660.00,0.05,1632.00,4.5
ORD-0478,2025-04-30,North,Chandigarh,Accessories,USB Hub,Corporate,3,1176.00,0.00,582.00,4.5
ORD-0479,2025-05-17,West,Ahmedabad,Furniture,Study Desk,Retail,8,8585.00,0.05,5782.00,5.0
ORD-0480,2025-06-03,East,Bhubaneswar,Office Supplies,Printer Paper,Online,1,572.00,0.00,297.00,3.5
ORD-0481,2025-06-20,South,Bengaluru,Office Supplies,Notebook Pack,Corporate,6,481.50,0.05,220.00,4.0
ORD-0482,2025-07-07,North,Chandigarh,Electronics,Wireless Mouse,Retail,11,837.00,0.00,484.80,4.0
ORD-0483,2025-07-24,West,Ahmedabad,Home Office,Foot Rest,Online,4,1344.00,0.05,714.00,4.5
ORD-0484,2025-08-10,East,Bhubaneswar,Home Office,Desk Lamp,Corporate,9,1584.00,0.00,927.00,4.5
ORD-0485,2025-08-27,South,Bengaluru,Accessories,Laptop Sleeve,Retail,2,1020.00,0.05,540.80,5.0
ORD-0486,2025-09-13,North,Chandigarh,Furniture,Storage Cabinet,Online,7,11550.00,0.00,7296.00,3.5
ORD-0487,2025-09-30,West,Ahmedabad,Furniture,Office Chair,Corporate,12,7020.00,0.05,4171.00,4.0
ORD-0488,2025-10-17,East,Bhubaneswar,Office Supplies,Desk Organizer,Retail,5,658.00,0.00,343.00,4.0
ORD-0489,2025-11-03,South,Bengaluru,Electronics,Keyboard,Online,10,1455.00,0.05,841.50,4.5
ORD-0490,2025-11-20,North,Chandigarh,Electronics,Laptop Stand,Corporate,3,1800.00,0.00,1100.00,4.5
ORD-0491,2025-12-07,West,Ahmedabad,Home Office,Monitor Arm,Retail,8,3296.00,0.05,1919.00,5.0
ORD-0492,2025-12-24,East,Bhubaneswar,Accessories,Webcam,Online,1,2968.00,0.00,1734.00,3.5
ORD-0493,2025-01-10,South,Bengaluru,Accessories,USB Hub,Corporate,6,1104.00,0.05,618.00,4.0
ORD-0494,2025-01-27,North,Chandigarh,Furniture,Study Desk,Retail,11,8075.00,0.00,6136.00,4.0
ORD-0495,2025-02-13,West,Ahmedabad,Office Supplies,Printer Paper,Online,4,539.00,0.05,288.00,4.5
ORD-0496,2025-03-02,East,Bhubaneswar,Office Supplies,Notebook Pack,Corporate,9,454.50,0.00,213.40,4.5
ORD-0497,2025-03-19,South,Bengaluru,Electronics,Wireless Mouse,Retail,2,936.00,0.05,470.40,5.0
ORD-0498,2025-04-05,North,Chandigarh,Home Office,Foot Rest,Online,7,1498.00,0.00,693.00,3.5
ORD-0499,2025-04-22,West,Ahmedabad,Home Office,Desk Lamp,Corporate,12,1488.00,0.05,900.00,4.0
ORD-0500,2025-05-09,East,Bhubaneswar,Accessories,Laptop Sleeve,Retail,5,960.00,0.00,525.20,4.0
ORD-0501,2025-05-26,South,Bengaluru,Furniture,Storage Cabinet,Online,10,10890.00,0.05,7752.00,4.5
ORD-0502,2025-06-12,North,Chandigarh,Furniture,Office Chair,Corporate,3,6630.00,0.00,4429.00,4.5
ORD-0503,2025-06-29,West,Ahmedabad,Office Supplies,Desk Organizer,Retail,8,735.00,0.05,364.00,5.0
ORD-0504,2025-07-16,East,Bhubaneswar,Electronics,Keyboard,Online,1,1620.00,0.00,816.00,3.5
ORD-0505,2025-08-02,South,Bengaluru,Electronics,Laptop Stand,Corporate,6,1692.00,0.05,1067.00,4.0
ORD-0506,2025-08-19,North,Chandigarh,Home Office,Monitor Arm,Retail,11,3104.00,0.00,1862.00,4.0
ORD-0507,2025-09-05,West,Ahmedabad,Accessories,Webcam,Online,4,2800.00,0.05,1683.00,4.5
ORD-0508,2025-09-22,East,Bhubaneswar,Accessories,USB Hub,Corporate,9,1236.00,0.00,600.00,4.5
ORD-0509,2025-10-09,South,Bengaluru,Furniture,Study Desk,Retail,2,9010.00,0.05,5959.00,5.0
ORD-0510,2025-10-26,North,Chandigarh,Office Supplies,Printer Paper,Online,7,506.00,0.00,306.00,3.5
ORD-0511,2025-11-12,West,Ahmedabad,Office Supplies,Notebook Pack,Corporate,12,427.50,0.05,226.60,4.0
ORD-0512,2025-11-29,East,Bhubaneswar,Electronics,Wireless Mouse,Retail,5,882.00,0.00,499.20,4.0
ORD-0513,2025-12-16,South,Bengaluru,Home Office,Foot Rest,Online,10,1414.00,0.05,672.00,4.5
ORD-0514,2025-01-02,North,Chandigarh,Home Office,Desk Lamp,Corporate,3,1664.00,0.00,873.00,4.5
ORD-0515,2025-01-19,West,Ahmedabad,Accessories,Laptop Sleeve,Retail,8,1070.00,0.05,509.60,5.0
ORD-0516,2025-02-05,East,Bhubaneswar,Furniture,Storage Cabinet,Online,1,10230.00,0.00,7524.00,3.5
ORD-0517,2025-02-22,South,Bengaluru,Furniture,Office Chair,Corporate,6,6240.00,0.05,4300.00,4.0
ORD-0518,2025-03-11,North,Chandigarh,Office Supplies,Desk Organizer,Retail,11,693.00,0.00,353.50,4.0
ORD-0519,2025-03-28,West,Ahmedabad,Electronics,Keyboard,Online,4,1530.00,0.05,867.00,4.5
ORD-0520,2025-04-14,East,Bhubaneswar,Electronics,Laptop Stand,Corporate,9,1890.00,0.00,1133.00,4.5
ORD-0521,2025-05-01,South,Bengaluru,Home Office,Monitor Arm,Retail,2,3456.00,0.05,1976.00,5.0
ORD-0522,2025-05-18,North,Chandigarh,Accessories,Webcam,Online,7,2632.00,0.00,1632.00,3.5
ORD-0523,2025-06-04,West,Ahmedabad,Accessories,USB Hub,Corporate,12,1164.00,0.05,582.00,4.0
ORD-0524,2025-06-21,East,Bhubaneswar,Furniture,Study Desk,Retail,5,8500.00,0.00,5782.00,4.0
ORD-0525,2025-07-08,South,Bengaluru,Office Supplies,Printer Paper,Online,10,566.50,0.05,297.00,4.5
ORD-0526,2025-07-25,North,Chandigarh,Office Supplies,Notebook Pack,Corporate,3,477.00,0.00,220.00,4.5
ORD-0527,2025-08-11,West,Ahmedabad,Electronics,Wireless Mouse,Retail,8,828.00,0.05,484.80,5.0
ORD-0528,2025-08-28,East,Bhubaneswar,Home Office,Foot Rest,Online,1,1330.00,0.00,714.00,3.5
ORD-0529,2025-09-14,South,Bengaluru,Home Office,Desk Lamp,Corporate,6,1568.00,0.05,927.00,4.0
ORD-0530,2025-10-01,North,Chandigarh,Accessories,Laptop Sleeve,Retail,11,1010.00,0.00,540.80,4.0
ORD-0531,2025-10-18,West,Ahmedabad,Furniture,Storage Cabinet,Online,4,11440.00,0.05,7296.00,4.5
ORD-0532,2025-11-04,East,Bhubaneswar,Furniture,Office Chair,Corporate,9,6955.00,0.00,4171.00,4.5
ORD-0533,2025-11-21,South,Bengaluru,Office Supplies,Desk Organizer,Retail,2,651.00,0.05,343.00,5.0
ORD-0534,2025-12-08,North,Chandigarh,Electronics,Keyboard,Online,7,1440.00,0.00,841.50,3.5
ORD-0535,2025-12-25,West,Ahmedabad,Electronics,Laptop Stand,Corporate,12,1782.00,0.05,1100.00,4.0
ORD-0536,2025-01-11,East,Bhubaneswar,Home Office,Monitor Arm,Retail,5,3264.00,0.00,1919.00,4.0
ORD-0537,2025-01-28,South,Bengaluru,Accessories,Webcam,Online,10,2940.00,0.05,1734.00,4.5
ORD-0538,2025-02-14,North,Chandigarh,Accessories,USB Hub,Corporate,3,1296.00,0.00,618.00,4.5
ORD-0539,2025-03-03,West,Ahmedabad,Furniture,Study Desk,Retail,8,7990.00,0.05,6136.00,5.0
ORD-0540,2025-03-20,East,Bhubaneswar,Office Supplies,Printer Paper,Online,1,533.50,0.00,288.00,3.5
ORD-0541,2025-04-06,South,Bengaluru,Office Supplies,Notebook Pack,Corporate,6,450.00,0.05,213.40,4.0
ORD-0542,2025-04-23,North,Chandigarh,Electronics,Wireless Mouse,Retail,11,927.00,0.00,470.40,4.0
ORD-0543,2025-05-10,West,Ahmedabad,Home Office,Foot Rest,Online,4,1484.00,0.05,693.00,4.5
ORD-0544,2025-05-27,East,Bhubaneswar,Home Office,Desk Lamp,Corporate,9,1472.00,0.00,900.00,4.5
ORD-0545,2025-06-13,South,Bengaluru,Accessories,Laptop Sleeve,Retail,2,950.00,0.05,525.20,5.0
ORD-0546,2025-06-30,North,Chandigarh,Furniture,Storage Cabinet,Online,7,10780.00,0.00,7752.00,3.5
ORD-0547,2025-07-17,West,Ahmedabad,Furniture,Office Chair,Corporate,12,6565.00,0.05,4429.00,4.0
ORD-0548,2025-08-03,East,Bhubaneswar,Office Supplies,Desk Organizer,Retail,5,728.00,0.00,364.00,4.0
ORD-0549,2025-08-20,South,Bengaluru,Electronics,Keyboard,Online,10,1605.00,0.05,816.00,4.5
ORD-0550,2025-09-06,North,Chandigarh,Electronics,Laptop Stand,Corporate,3,1674.00,0.00,1067.00,4.5
ORD-0551,2025-09-23,West,Ahmedabad,Home Office,Monitor Arm,Retail,8,3072.00,0.05,1862.00,5.0
ORD-0552,2025-10-10,East,Bhubaneswar,Accessories,Webcam,Online,1,2772.00,0.00,1683.00,3.5
ORD-0553,2025-10-27,South,Bengaluru,Accessories,USB Hub,Corporate,6,1224.00,0.05,600.00,4.0
ORD-0554,2025-11-13,North,Chandigarh,Furniture,Study Desk,Retail,11,8925.00,0.00,5959.00,4.0
ORD-0555,2025-11-30,West,Ahmedabad,Office Supplies,Printer Paper,Online,4,594.00,0.05,306.00,4.5
ORD-0556,2025-12-17,East,Bhubaneswar,Office Supplies,Notebook Pack,Corporate,9,423.00,0.00,226.60,4.5
ORD-0557,2025-01-03,South,Bengaluru,Electronics,Wireless Mouse,Retail,2,873.00,0.05,499.20,5.0
ORD-0558,2025-01-20,North,Chandigarh,Home Office,Foot Rest,Online,7,1400.00,0.00,672.00,3.5
ORD-0559,2025-02-06,West,Ahmedabad,Home Office,Desk Lamp,Corporate,12,1648.00,0.05,873.00,4.0
ORD-0560,2025-02-23,East,Bhubaneswar,Accessories,Laptop Sleeve,Retail,5,1060.00,0.00,509.60,4.0
ORD-0561,2025-03-12,South,Bengaluru,Furniture,Storage Cabinet,Online,10,10120.00,0.05,7524.00,4.5
ORD-0562,2025-03-29,North,Chandigarh,Furniture,Office Chair,Corporate,3,6175.00,0.00,4300.00,4.5
ORD-0563,2025-04-15,West,Ahmedabad,Office Supplies,Desk Organizer,Retail,8,686.00,0.05,353.50,5.0
ORD-0564,2025-05-02,East,Bhubaneswar,Electronics,Keyboard,Online,1,1515.00,0.00,867.00,3.5
ORD-0565,2025-05-19,South,Bengaluru,Electronics,Laptop Stand,Corporate,6,1872.00,0.05,1133.00,4.0
ORD-0566,2025-06-05,North,Chandigarh,Home Office,Monitor Arm,Retail,11,3424.00,0.00,1976.00,4.0
ORD-0567,2025-06-22,West,Ahmedabad,Accessories,Webcam,Online,4,2604.00,0.05,1632.00,4.5
ORD-0568,2025-07-09,East,Bhubaneswar,Accessories,USB Hub,Corporate,9,1152.00,0.00,582.00,4.5
ORD-0569,2025-07-26,South,Bengaluru,Furniture,Study Desk,Retail,2,8415.00,0.05,5782.00,5.0
ORD-0570,2025-08-12,North,Chandigarh,Office Supplies,Printer Paper,Online,7,561.00,0.00,297.00,3.5
ORD-0571,2025-08-29,West,Ahmedabad,Office Supplies,Notebook Pack,Corporate,12,472.50,0.05,220.00,4.0
ORD-0572,2025-09-15,East,Bhubaneswar,Electronics,Wireless Mouse,Retail,5,972.00,0.00,484.80,4.0
ORD-0573,2025-10-02,South,Bengaluru,Home Office,Foot Rest,Online,10,1316.00,0.05,714.00,4.5
ORD-0574,2025-10-19,North,Chandigarh,Home Office,Desk Lamp,Corporate,3,1552.00,0.00,927.00,4.5
ORD-0575,2025-11-05,West,Ahmedabad,Accessories,Laptop Sleeve,Retail,8,1000.00,0.05,540.80,5.0
ORD-0576,2025-11-22,East,Bhubaneswar,Furniture,Storage Cabinet,Online,1,11330.00,0.00,7296.00,3.5
ORD-0577,2025-12-09,South,Bengaluru,Furniture,Office Chair,Corporate,6,6890.00,0.05,4171.00,4.0
ORD-0578,2025-12-26,North,Chandigarh,Office Supplies,Desk Organizer,Retail,11,644.00,0.00,343.00,4.0
ORD-0579,2025-01-12,West,Ahmedabad,Electronics,Keyboard,Online,4,1425.00,0.05,841.50,4.5
ORD-0580,2025-01-29,East,Bhubaneswar,Electronics,Laptop Stand,Corporate,9,1764.00,0.00,1100.00,4.5
ORD-0581,2025-02-15,South,Bengaluru,Home Office,Monitor Arm,Retail,2,3232.00,0.05,1919.00,5.0
ORD-0582,2025-03-04,North,Chandigarh,Accessories,Webcam,Online,7,2912.00,0.00,1734.00,3.5
ORD-0583,2025-03-21,West,Ahmedabad,Accessories,USB Hub,Corporate,12,1284.00,0.05,618.00,4.0
ORD-0584,2025-04-07,East,Bhubaneswar,Furniture,Study Desk,Retail,5,7905.00,0.00,6136.00,4.0
ORD-0585,2025-04-24,South,Bengaluru,Office Supplies,Printer Paper,Online,10,528.00,0.05,288.00,4.5
ORD-0586,2025-05-11,North,Chandigarh,Office Supplies,Notebook Pack,Corporate,3,445.50,0.00,213.40,4.5
ORD-0587,2025-05-28,West,Ahmedabad,Electronics,Wireless Mouse,Retail,8,918.00,0.05,470.40,5.0
ORD-0588,2025-06-14,East,Bhubaneswar,Home Office,Foot Rest,Online,1,1470.00,0.00,693.00,3.5
ORD-0589,2025-07-01,South,Bengaluru,Home Office,Desk Lamp,Corporate,6,1728.00,0.05,900.00,4.0
ORD-0590,2025-07-18,North,Chandigarh,Accessories,Laptop Sleeve,Retail,11,940.00,0.00,525.20,4.0
ORD-0591,2025-08-04,West,Ahmedabad,Furniture,Storage Cabinet,Online,4,10670.00,0.05,7752.00,4.5
ORD-0592,2025-08-21,East,Bhubaneswar,Furniture,Office Chair,Corporate,9,6500.00,0.00,4429.00,4.5
ORD-0593,2025-09-07,South,Bengaluru,Office Supplies,Desk Organizer,Retail,2,721.00,0.05,364.00,5.0
ORD-0594,2025-09-24,North,Chandigarh,Electronics,Keyboard,Online,7,1590.00,0.00,816.00,3.5
ORD-0595,2025-10-11,West,Ahmedabad,Electronics,Laptop Stand,Corporate,12,1656.00,0.05,1067.00,4.0
ORD-0596,2025-10-28,East,Bhubaneswar,Home Office,Monitor Arm,Retail,5,3040.00,0.00,1862.00,4.0
ORD-0597,2025-11-14,South,Bengaluru,Accessories,Webcam,Online,10,2744.00,0.05,1683.00,4.5
ORD-0598,2025-12-01,North,Chandigarh,Accessories,USB Hub,Corporate,3,1212.00,0.00,600.00,4.5
ORD-0599,2025-12-18,West,Ahmedabad,Furniture,Study Desk,Retail,8,8840.00,0.05,5959.00,5.0
ORD-0600,2025-01-04,East,Bhubaneswar,Office Supplies,Printer Paper,Online,1,588.50,0.00,306.00,3.5
